\\Yearly HOEP OR Predispatch Report,,,,,,,,
\\Created at 2024-01-29 08:02:11,,,,,,,,
\\For 2024,,,,,,,,
Date,Hour,HOEP,Hour 1 Predispatch,Hour 2 Predispatch,Hour 3 Predispatch,OR 10 Min Sync,OR 10 Min non-sync,OR 30 Min
2024-01-01,1,46.42,34.68,33.80,27.83,1.26,0.17,0.17
2024-01-01,2,35.85,33.73,32.13,33.80,0.98,0.15,0.15
2024-01-01,3,27.73,33.73,27.22,29.86,0.98,0.15,0.15
2024-01-01,4,19.34,27.35,27.26,27.34,0.15,0.11,0.10
2024-01-01,5,20.23,27.20,27.26,27.27,0.10,0.10,0.10
2024-01-01,6,27.23,27.34,28.83,27.29,0.10,0.10,0.10
2024-01-01,7,27.21,31.88,32.03,28.42,0.15,0.15,0.15
2024-01-01,8,27.52,30.88,30.88,30.85,1.23,0.15,0.15
2024-01-01,9,27.22,30.96,31.09,30.85,1.23,0.18,0.18
2024-01-01,10,30.94,33.33,33.33,30.87,1.23,0.24,0.24
2024-01-01,11,30.93,33.88,33.88,32.53,1.23,0.22,0.22
2024-01-01,12,31.73,34.11,34.34,32.88,1.23,0.16,0.16
2024-01-01,13,30.58,31.08,30.96,32.25,1.92,0.15,0.15
2024-01-01,14,31.81,33.84,33.38,33.38,1.64,0.15,0.15
2024-01-01,15,33.23,33.88,33.84,33.80,1.64,0.15,0.15
2024-01-01,16,30.14,33.38,33.67,34.34,1.63,0.15,0.15
2024-01-01,17,31.86,41.00,35.31,35.10,5.00,0.17,0.17
2024-01-01,18,34.02,45.00,48.48,37.54,1.63,0.75,0.75
2024-01-01,19,34.14,37.54,44.46,51.56,2.24,2.19,2.17
2024-01-01,20,32.15,33.80,33.80,36.00,1.65,1.65,1.65
2024-01-01,21,31.55,33.83,33.83,34.68,1.23,0.15,0.15
2024-01-01,22,31.09,33.78,33.78,32.57,1.22,0.15,0.15
2024-01-01,23,30.74,32.26,32.26,33.78,1.22,0.15,0.15
2024-01-01,24,27.98,30.51,30.85,29.91,0.49,0.15,0.15
2024-01-02,1,27.21,27.23,30.77,28.76,0.15,0.15,0.15
2024-01-02,2,27.17,27.22,27.21,27.23,0.62,0.15,0.15
2024-01-02,3,20.93,34.01,30.77,27.20,0.15,0.13,0.13
2024-01-02,4,22.48,30.87,30.87,27.71,0.15,0.13,0.13
2024-01-02,5,19.81,27.23,27.33,27.36,0.15,0.13,0.13
2024-01-02,6,26.54,30.88,30.88,30.77,0.15,0.15,0.15
2024-01-02,7,27.18,36.79,39.35,37.71,1.23,0.15,0.15
2024-01-02,8,29.61,37.61,36.20,37.80,1.62,0.15,0.15
2024-01-02,9,30.21,34.27,34.41,34.41,0.37,0.24,0.24
2024-01-02,10,29.88,30.88,30.88,30.88,1.23,0.24,0.24
2024-01-02,11,29.36,30.88,30.88,30.77,1.23,0.22,0.22
2024-01-02,12,30.88,32.00,32.20,27.74,0.15,0.15,0.15
2024-01-02,13,29.69,34.00,30.88,27.23,0.15,0.15,0.15
2024-01-02,14,29.92,34.00,33.99,27.34,0.15,0.15,0.15
2024-01-02,15,30.87,34.01,34.02,30.88,0.15,0.15,0.15
2024-01-02,16,30.35,34.00,34.01,33.00,0.17,0.17,0.17
2024-01-02,17,30.28,33.98,32.26,30.88,1.24,0.41,0.41
2024-01-02,18,32.90,45.00,45.00,35.27,1.56,1.56,1.56
2024-01-02,19,31.83,35.27,35.72,33.86,1.23,1.23,1.23
2024-01-02,20,32.39,35.27,34.09,32.25,1.23,1.23,1.23
2024-01-02,21,33.20,35.30,34.05,30.88,1.13,0.42,0.42
2024-01-02,22,33.75,35.22,35.33,33.19,0.77,0.16,0.16
2024-01-02,23,29.65,30.88,30.88,30.88,0.15,0.15,0.15
2024-01-02,24,29.69,30.88,30.88,27.34,0.15,0.15,0.15
2024-01-03,1,28.82,28.81,31.06,28.68,0.12,0.12,0.12
2024-01-03,2,35.84,28.77,28.75,28.71,0.15,0.15,0.15
2024-01-03,3,29.39,28.84,28.20,28.71,0.14,0.14,0.14
2024-01-03,4,32.34,32.20,29.23,28.78,0.15,0.15,0.15
2024-01-03,5,31.42,32.33,32.33,30.18,1.21,0.15,0.15
2024-01-03,6,32.32,36.78,37.00,32.81,1.21,0.15,0.15
2024-01-03,7,32.43,45.00,40.15,37.53,1.62,0.15,0.15
2024-01-03,8,36.65,51.09,50.20,40.87,1.63,0.21,0.21
2024-01-03,9,38.88,55.00,55.00,49.00,11.01,0.33,0.33
2024-01-03,10,40.45,40.28,39.00,36.78,4.54,0.41,0.41
2024-01-03,11,41.09,38.00,38.00,36.00,1.23,0.42,0.42
2024-01-03,12,50.03,42.56,41.23,36.09,3.33,2.21,2.21
2024-01-03,13,40.44,39.00,39.00,38.00,1.23,0.16,0.16
2024-01-03,14,38.37,39.42,40.94,37.19,1.23,0.16,0.16
2024-01-03,15,40.06,37.53,37.53,35.53,1.22,0.17,0.17
2024-01-03,16,40.13,36.78,36.78,38.16,1.28,0.21,0.21
2024-01-03,17,54.49,50.00,47.87,45.00,20.97,20.41,13.95
2024-01-03,18,53.42,99.00,90.00,60.00,28.08,28.08,14.74
2024-01-03,19,38.49,80.00,65.00,51.91,13.15,13.15,2.84
2024-01-03,20,37.71,37.53,36.78,36.09,2.04,0.55,0.55
2024-01-03,21,32.66,33.70,33.70,35.48,1.92,0.15,0.15
2024-01-03,22,34.25,35.44,35.43,32.33,1.23,0.15,0.15
2024-01-03,23,32.39,33.69,32.33,32.33,0.15,0.15,0.15
2024-01-03,24,31.58,32.33,32.33,29.23,0.15,0.15,0.15
2024-01-04,1,30.35,30.37,30.37,35.53,0.15,0.15,0.15
2024-01-04,2,32.03,30.52,33.50,30.37,0.16,0.14,0.12
2024-01-04,3,30.46,30.52,30.52,30.43,0.13,0.13,0.12
2024-01-04,4,30.44,30.52,30.50,30.31,0.13,0.13,0.12
2024-01-04,5,31.39,33.96,33.96,31.89,0.15,0.15,0.15
2024-01-04,6,32.71,35.30,35.30,33.97,0.60,0.15,0.15
2024-01-04,7,33.12,38.76,38.76,38.76,0.99,0.15,0.15
2024-01-04,8,36.78,38.76,43.34,48.97,2.82,0.18,0.18
2024-01-04,9,41.08,43.73,46.28,60.33,8.10,0.65,0.65
2024-01-04,10,38.85,37.31,37.34,38.76,1.64,0.21,0.21
2024-01-04,11,64.69,39.51,39.51,41.59,31.70,17.58,15.42
2024-01-04,12,37.33,38.76,37.33,41.11,3.27,0.18,0.18
2024-01-04,13,40.25,43.17,43.17,38.76,1.92,0.26,0.26
2024-01-04,14,35.53,39.51,39.22,41.23,1.62,0.15,0.15
2024-01-04,15,38.44,39.51,43.00,42.31,1.64,0.15,0.15
2024-01-04,16,38.17,43.15,41.58,45.00,10.62,0.16,0.16
2024-01-04,17,50.99,55.10,55.10,50.17,17.94,7.44,7.42
2024-01-04,18,62.47,84.32,88.78,69.35,33.48,33.48,20.96
2024-01-04,19,49.13,74.77,75.00,56.71,30.10,30.10,7.69
2024-01-04,20,48.48,71.11,52.27,53.04,13.60,5.70,5.70
2024-01-04,21,43.98,46.60,46.60,45.00,9.90,0.41,0.41
2024-01-04,22,40.95,44.00,45.00,41.59,1.95,0.19,0.19
2024-01-04,23,40.24,43.20,44.38,45.36,1.24,0.15,0.15
2024-01-04,24,39.79,43.00,43.14,41.58,1.23,0.15,0.15
2024-01-05,1,40.43,40.36,40.36,36.81,0.15,0.15,0.15
2024-01-05,2,41.48,45.60,45.00,40.45,0.15,0.15,0.15
2024-01-05,3,45.82,49.04,45.36,43.08,0.15,0.15,0.15
2024-01-05,4,44.85,47.20,48.00,42.98,0.15,0.15,0.15
2024-01-05,5,39.70,45.00,43.08,41.20,0.15,0.15,0.15
2024-01-05,6,39.49,47.00,49.02,40.45,0.15,0.15,0.15
2024-01-05,7,42.55,56.00,55.66,53.08,1.26,0.20,0.20
2024-01-05,8,50.40,76.00,71.10,64.99,7.67,1.52,1.52
2024-01-05,9,48.91,74.00,74.00,70.26,15.28,0.34,0.34
2024-01-05,10,48.48,52.50,51.24,53.67,9.19,0.75,0.75
2024-01-05,11,50.58,52.28,48.00,45.00,1.27,0.26,0.26
2024-01-05,12,62.36,48.00,52.26,57.00,1.35,0.66,0.66
2024-01-05,13,58.28,48.00,42.99,48.54,1.25,0.27,0.27
2024-01-05,14,63.86,45.26,48.00,42.99,1.62,0.73,0.73
2024-01-05,15,62.14,48.00,45.13,49.70,1.40,0.53,0.53
2024-01-05,16,42.01,42.99,42.99,51.82,1.27,0.27,0.27
2024-01-05,17,46.61,41.74,41.73,55.01,10.28,1.45,1.45
2024-01-05,18,42.79,88.00,66.00,64.06,21.17,21.17,2.62
2024-01-05,19,40.37,105.00,99.51,58.73,14.56,14.56,1.46
2024-01-05,20,44.60,88.08,88.43,58.76,5.66,0.92,0.92
2024-01-05,21,75.84,59.00,59.00,56.60,20.03,15.95,14.48
2024-01-05,22,59.13,57.20,57.47,53.65,2.72,0.65,0.65
2024-01-05,23,51.75,53.91,53.90,50.97,0.97,0.17,0.17
2024-01-05,24,38.74,40.45,38.94,40.45,0.15,0.15,0.15
2024-01-06,1,36.01,38.00,37.81,35.12,0.15,0.15,0.15
2024-01-06,2,39.06,41.23,39.38,39.24,0.15,0.15,0.15
2024-01-06,3,39.03,39.31,39.99,39.31,0.15,0.15,0.15
2024-01-06,4,39.16,39.31,39.31,39.24,0.15,0.15,0.15
2024-01-06,5,34.60,37.75,37.80,35.00,1.25,0.15,0.15
2024-01-06,6,34.98,37.78,37.74,39.31,1.24,0.16,0.16
2024-01-06,7,34.83,39.31,39.31,39.31,1.24,0.16,0.16
2024-01-06,8,34.31,39.99,40.00,39.24,1.25,0.16,0.16
2024-01-06,9,35.13,39.99,37.81,35.93,0.24,0.22,0.22
2024-01-06,10,37.12,39.24,39.31,35.64,0.36,0.36,0.36
2024-01-06,11,38.85,39.31,39.31,39.87,0.77,0.17,0.17
2024-01-06,12,39.34,39.31,39.31,39.31,1.23,0.16,0.16
2024-01-06,13,39.43,39.31,39.31,39.31,1.23,0.16,0.16
2024-01-06,14,46.14,39.99,39.99,39.31,1.27,0.16,0.16
2024-01-06,15,46.28,44.80,42.14,39.31,1.28,0.19,0.19
2024-01-06,16,50.39,43.27,41.14,39.99,6.37,3.23,3.22
2024-01-06,17,172.21,58.00,58.00,39.24,116.89,116.89,60.95
2024-01-06,18,38.02,85.00,65.00,61.02,13.29,13.29,1.39
2024-01-06,19,37.37,66.00,66.00,54.34,11.73,11.73,0.90
2024-01-06,20,38.16,39.24,38.32,53.87,1.68,0.18,0.18
2024-01-06,21,40.39,37.77,36.79,39.99,1.25,0.15,0.15
2024-01-06,22,45.23,41.50,41.50,45.45,1.25,0.15,0.15
2024-01-06,23,46.52,41.51,41.50,40.11,1.25,0.16,0.16
2024-01-06,24,37.49,37.04,36.07,37.77,1.26,0.15,0.15
2024-01-07,1,39.04,37.81,37.12,34.50,0.15,0.15,0.15
2024-01-07,2,42.12,40.20,40.20,39.31,0.27,0.15,0.15
2024-01-07,3,39.31,39.31,39.31,39.31,0.28,0.15,0.15
2024-01-07,4,39.31,39.31,39.31,39.31,1.24,0.15,0.15
2024-01-07,5,35.97,37.81,37.78,39.23,1.24,0.15,0.15
2024-01-07,6,37.19,39.31,39.23,37.79,1.24,0.15,0.15
2024-01-07,7,35.87,35.64,35.64,35.63,1.24,0.15,0.15
2024-01-07,8,38.41,37.80,39.23,41.12,1.24,0.15,0.15
2024-01-07,9,38.72,37.80,39.23,39.18,1.67,0.17,0.17
2024-01-07,10,41.30,39.98,39.98,39.23,1.66,0.17,0.17
2024-01-07,11,44.35,43.12,43.12,46.39,1.24,0.20,0.20
2024-01-07,12,46.45,43.48,43.48,47.05,1.26,0.17,0.17
2024-01-07,13,45.73,44.77,43.50,47.05,1.23,0.15,0.15
2024-01-07,14,44.89,47.05,45.19,42.04,1.23,0.15,0.15
2024-01-07,15,47.53,49.24,48.97,41.30,1.57,0.16,0.16
2024-01-07,16,43.66,52.73,52.73,42.04,1.26,0.18,0.18
2024-01-07,17,40.28,57.00,57.00,53.00,15.37,15.37,2.09
2024-01-07,18,41.44,90.00,90.00,55.36,15.80,15.80,2.33
2024-01-07,19,41.68,55.00,59.05,47.05,6.33,6.33,2.78
2024-01-07,20,45.39,57.00,56.00,45.28,1.71,0.38,0.38
2024-01-07,21,40.07,42.42,45.23,39.98,1.25,0.17,0.17
2024-01-07,22,40.88,41.51,42.04,39.63,1.25,0.17,0.17
2024-01-07,23,34.38,34.31,34.31,35.64,1.26,0.15,0.15
2024-01-07,24,36.87,39.23,39.23,39.98,1.25,0.16,0.16
2024-01-08,1,32.19,34.69,34.69,34.69,1.16,0.15,0.15
2024-01-08,2,30.73,31.24,30.85,30.73,0.15,0.15,0.15
2024-01-08,3,32.51,34.20,37.80,36.12,0.76,0.15,0.15
2024-01-08,4,30.19,32.26,32.70,32.26,0.15,0.15,0.15
2024-01-08,5,32.68,38.12,39.23,39.23,1.25,0.15,0.15
2024-01-08,6,35.06,38.12,40.12,43.12,1.25,0.15,0.15
2024-01-08,7,36.95,38.51,38.51,39.98,2.64,0.16,0.16
2024-01-08,8,137.71,50.51,50.12,47.16,80.10,75.09,43.62
2024-01-08,9,175.51,65.00,65.00,60.00,110.03,110.03,59.84
2024-01-08,10,81.60,60.00,56.33,51.64,30.10,30.10,30.00
2024-01-08,11,68.62,53.90,49.73,53.87,21.48,18.98,18.96
2024-01-08,12,46.55,45.72,45.72,49.73,0.75,0.75,0.75
2024-01-08,13,46.35,42.04,42.04,50.73,0.60,0.60,0.60
2024-01-08,14,38.33,35.64,35.64,35.02,0.18,0.18,0.18
2024-01-08,15,41.84,39.98,39.23,38.55,0.22,0.22,0.22
2024-01-08,16,43.58,57.51,52.12,42.04,0.44,0.44,0.44
2024-01-08,17,48.60,60.00,60.00,48.08,24.89,24.89,9.32
2024-01-08,18,49.76,62.00,62.00,47.05,24.41,24.41,10.22
2024-01-08,19,44.25,63.00,63.00,50.34,19.38,19.38,4.98
2024-01-08,20,41.03,64.00,64.00,49.94,1.66,0.75,0.75
2024-01-08,21,41.94,47.05,53.08,53.08,1.35,0.16,0.16
2024-01-08,22,35.54,47.05,47.05,47.92,1.26,0.15,0.15
2024-01-08,23,32.52,39.98,39.23,37.72,1.26,0.16,0.16
2024-01-08,24,31.39,34.31,35.63,34.31,1.26,0.16,0.16
2024-01-09,1,32.16,33.68,35.14,38.79,0.15,0.15,0.15
2024-01-09,2,28.39,40.00,41.00,38.82,0.14,0.14,0.12
2024-01-09,3,24.60,31.86,32.83,38.79,0.15,0.15,0.15
2024-01-09,4,24.58,31.65,31.69,31.77,0.15,0.15,0.15
2024-01-09,5,25.72,24.64,27.69,31.26,0.15,0.15,0.12
2024-01-09,6,30.20,33.25,32.24,32.24,0.15,0.15,0.11
2024-01-09,7,33.42,36.59,35.98,35.98,0.15,0.15,0.15
2024-01-09,8,35.80,36.97,36.97,36.96,0.17,0.17,0.17
2024-01-09,9,36.81,38.84,36.98,38.87,0.17,0.17,0.17
2024-01-09,10,35.27,36.83,36.82,36.83,0.75,0.75,0.75
2024-01-09,11,49.96,35.47,35.14,39.64,16.25,15.77,15.77
2024-01-09,12,65.27,35.79,35.83,36.60,25.29,23.17,23.17
2024-01-09,13,77.02,43.53,38.79,36.96,9.61,9.61,9.61
2024-01-09,14,176.42,54.23,45.80,38.99,24.00,23.91,23.87
2024-01-09,15,95.24,60.00,57.71,43.39,18.22,18.11,18.11
2024-01-09,16,37.14,60.00,60.00,45.19,0.20,0.20,0.20
2024-01-09,17,36.08,60.00,50.00,55.86,2.00,2.00,2.00
2024-01-09,18,35.30,36.59,60.00,41.41,2.63,2.63,2.63
2024-01-09,19,36.91,38.77,38.79,40.00,1.70,0.75,0.75
2024-01-09,20,42.54,38.85,38.84,35.27,1.69,0.17,0.17
2024-01-09,21,34.66,35.27,35.27,32.24,2.99,0.16,0.16
2024-01-09,22,33.47,35.27,35.27,35.27,0.96,0.15,0.15
2024-01-09,23,32.26,35.27,35.14,34.92,0.43,0.15,0.13
2024-01-09,24,29.96,31.83,32.23,31.60,0.15,0.15,0.13
2024-01-10,1,26.67,36.80,39.00,35.00,1.25,0.15,0.15
2024-01-10,2,14.50,31.50,31.00,16.00,0.24,0.15,0.15
2024-01-10,3,14.35,30.00,27.66,14.34,0.25,0.15,0.15
2024-01-10,4,14.64,18.32,25.00,14.31,0.30,0.15,0.15
2024-01-10,5,27.81,33.00,33.00,14.35,1.25,0.15,0.15
2024-01-10,6,34.22,40.00,39.00,36.73,1.25,0.15,0.15
2024-01-10,7,36.95,40.25,40.25,40.16,1.24,0.15,0.15
2024-01-10,8,38.12,40.27,40.16,40.27,5.99,0.23,0.23
2024-01-10,9,39.93,40.27,40.27,40.27,5.49,3.34,3.34
2024-01-10,10,36.98,40.27,40.27,40.27,6.17,6.16,6.16
2024-01-10,11,40.75,40.26,45.27,41.94,7.05,7.05,7.05
2024-01-10,12,38.26,36.82,36.82,45.27,1.25,1.25,1.25
2024-01-10,13,36.81,36.82,36.80,43.40,1.24,0.75,0.75
2024-01-10,14,36.78,36.81,36.82,42.94,1.22,0.18,0.18
2024-01-10,15,36.74,36.81,36.81,37.07,1.22,0.29,0.29
2024-01-10,16,38.09,39.04,38.55,38.56,1.22,1.14,1.14
2024-01-10,17,84.42,47.75,47.75,40.27,38.10,34.79,34.75
2024-01-10,18,230.48,75.00,75.00,60.00,122.99,122.99,73.75
2024-01-10,19,106.26,85.00,75.00,65.00,30.10,30.10,30.00
2024-01-10,20,48.17,80.00,76.62,58.00,2.00,0.96,0.96
2024-01-10,21,47.74,55.00,55.00,56.73,1.29,0.39,0.39
2024-01-10,22,48.06,52.76,48.33,48.27,0.79,0.17,0.17
2024-01-10,23,50.88,45.82,47.75,48.31,1.13,0.16,0.16
2024-01-10,24,41.75,40.27,40.27,40.27,1.21,0.17,0.17
2024-01-11,1,48.01,35.33,35.33,35.32,0.60,0.17,0.17
2024-01-11,2,47.31,52.98,43.84,43.80,0.74,0.17,0.17
2024-01-11,3,32.26,54.42,45.00,43.80,0.25,0.17,0.17
2024-01-11,4,42.52,45.95,45.71,45.19,0.30,0.17,0.17
2024-01-11,5,36.54,35.32,35.32,35.33,1.22,0.17,0.17
2024-01-11,6,51.72,45.00,45.00,43.83,1.21,0.18,0.18
2024-01-11,7,58.25,57.95,57.94,57.84,1.04,0.79,0.79
2024-01-11,8,58.56,57.84,57.84,51.49,1.29,1.05,1.05
2024-01-11,9,48.49,46.46,45.80,57.42,1.20,0.75,0.75
2024-01-11,10,96.71,51.49,46.48,42.79,30.10,30.10,30.00
2024-01-11,11,138.18,51.49,51.49,46.46,75.67,68.15,60.00
2024-01-11,12,95.30,51.00,46.48,46.48,26.66,26.66,26.58
2024-01-11,13,46.34,43.84,43.83,46.46,0.19,0.19,0.19
2024-01-11,14,38.85,38.84,38.84,46.46,0.18,0.18,0.18
2024-01-11,15,38.55,38.83,38.83,38.85,0.18,0.18,0.18
2024-01-11,16,39.99,38.84,38.84,38.85,0.18,0.18,0.18
2024-01-11,17,45.06,43.78,43.81,41.84,0.83,0.83,0.83
2024-01-11,18,55.73,49.72,48.00,46.46,30.10,30.10,9.79
2024-01-11,19,50.47,43.81,45.00,43.86,30.10,30.10,5.01
2024-01-11,20,43.74,55.00,50.00,46.45,17.08,17.08,0.75
2024-01-11,21,45.77,52.00,52.20,50.00,1.18,0.79,0.75
2024-01-11,22,44.88,46.48,46.48,50.00,1.07,0.56,0.56
2024-01-11,23,46.91,45.71,46.46,46.48,1.23,0.22,0.22
2024-01-11,24,44.99,43.86,43.85,45.19,1.24,0.18,0.18
2024-01-12,1,38.23,40.00,38.52,42.31,0.16,0.16,0.16
2024-01-12,2,40.86,42.78,42.78,42.29,0.16,0.16,0.16
2024-01-12,3,38.52,42.28,42.29,44.08,0.15,0.15,0.15
2024-01-12,4,38.24,42.20,42.20,42.29,0.15,0.15,0.15
2024-01-12,5,35.43,38.52,38.52,38.52,0.15,0.15,0.13
2024-01-12,6,35.09,42.27,42.27,38.52,0.19,0.19,0.19
2024-01-12,7,34.83,38.52,38.52,38.52,0.19,0.19,0.19
2024-01-12,8,37.93,42.31,38.52,38.52,2.86,2.86,2.86
2024-01-12,9,35.51,42.27,38.52,35.51,1.67,1.67,1.67
2024-01-12,10,35.06,36.73,36.94,36.30,1.22,1.22,1.22
2024-01-12,11,35.05,35.81,35.20,38.52,0.28,0.28,0.28
2024-01-12,12,35.05,35.08,35.20,35.09,0.18,0.18,0.18
2024-01-12,13,35.07,35.05,35.08,35.15,0.15,0.15,0.14
2024-01-12,14,35.08,35.05,35.05,35.05,0.15,0.15,0.15
2024-01-12,15,35.06,35.04,35.02,34.98,0.15,0.15,0.15
2024-01-12,16,38.94,35.07,35.08,35.01,0.17,0.17,0.16
2024-01-12,17,40.98,35.15,35.12,35.08,0.17,0.17,0.17
2024-01-12,18,42.31,39.54,37.07,35.09,0.38,0.38,0.38
2024-01-12,19,36.72,42.22,42.22,35.09,0.41,0.41,0.41
2024-01-12,20,35.42,40.08,40.00,35.20,0.16,0.16,0.15
2024-01-12,21,41.27,40.32,42.00,35.19,0.19,0.19,0.19
2024-01-12,22,34.61,33.92,33.92,33.92,0.31,0.30,0.30
2024-01-12,23,31.89,30.78,27.68,30.78,1.09,0.66,0.66
2024-01-12,24,17.81,30.78,14.37,14.36,1.28,0.47,0.47
2024-01-13,1,20.08,14.40,30.00,8.68,1.25,0.24,0.24
2024-01-13,2,17.45,16.71,18.67,14.35,1.24,0.24,0.24
2024-01-13,3,15.85,30.77,29.28,14.33,1.22,0.23,0.23
2024-01-13,4,14.67,27.16,18.67,14.30,1.22,0.22,0.22
2024-01-13,5,19.02,15.62,14.39,14.30,1.26,0.27,0.27
2024-01-13,6,13.87,14.32,14.34,5.81,1.26,0.75,0.75
2024-01-13,7,17.30,21.06,21.06,14.36,1.26,0.75,0.75
2024-01-13,8,23.33,105.00,28.20,20.20,1.26,1.26,1.26
2024-01-13,9,14.35,147.15,81.08,35.00,1.26,1.26,1.26
2024-01-13,10,13.88,32.00,32.00,32.00,1.95,1.95,1.95
2024-01-13,11,13.69,65.00,65.00,58.11,6.14,6.14,6.14
2024-01-13,12,25.03,100.00,99.00,65.00,9.14,9.14,9.14
2024-01-13,13,115.45,75.00,75.00,65.00,48.81,48.81,48.75
2024-01-13,14,11.43,105.00,82.47,65.00,1.95,1.95,1.95
2024-01-13,15,50.91,86.26,86.26,74.00,0.98,0.98,0.98
2024-01-13,16,6.02,75.00,75.00,75.00,1.22,1.22,1.22
2024-01-13,17,27.70,75.00,75.00,75.00,1.29,1.29,1.29
2024-01-13,18,29.52,78.00,78.00,75.00,1.39,1.39,1.39
2024-01-13,19,22.97,75.00,75.00,75.00,2.42,2.42,2.42
2024-01-13,20,25.68,75.00,75.00,74.00,0.40,0.40,0.40
2024-01-13,21,12.08,71.27,72.26,72.26,0.29,0.29,0.29
2024-01-13,22,45.17,67.33,74.00,71.71,9.92,9.92,9.92
2024-01-13,23,13.09,65.67,55.84,70.58,4.75,4.75,4.75
2024-01-13,24,22.39,14.38,38.85,35.00,2.42,1.42,1.42
2024-01-14,1,13.64,38.00,38.00,50.00,1.25,0.42,0.42
2024-01-14,2,14.33,45.00,45.00,50.00,1.27,0.42,0.42
2024-01-14,3,14.34,31.12,40.00,61.12,1.27,0.41,0.41
2024-01-14,4,20.04,40.00,40.00,40.00,1.25,0.41,0.41
2024-01-14,5,71.15,42.00,42.00,40.00,2.56,2.45,2.45
2024-01-14,6,14.35,45.00,45.00,42.00,1.27,0.47,0.47
2024-01-14,7,16.24,55.00,46.00,45.00,1.27,0.75,0.75
2024-01-14,8,30.05,65.73,64.73,68.00,1.85,1.85,1.85
2024-01-14,9,76.56,74.00,74.00,74.00,5.77,5.77,5.77
2024-01-14,10,70.17,74.00,74.00,75.00,8.06,8.06,8.06
2024-01-14,11,14.71,75.00,74.00,74.49,8.51,8.51,8.51
2024-01-14,12,69.65,73.60,74.00,74.00,6.70,6.70,6.70
2024-01-14,13,17.04,74.00,73.52,74.00,2.00,2.00,2.00
2024-01-14,14,69.63,72.22,72.22,74.00,4.22,4.22,4.22
2024-01-14,15,38.64,67.36,67.36,74.00,4.75,4.75,4.75
2024-01-14,16,17.61,83.37,76.98,75.00,4.75,4.75,4.75
2024-01-14,17,48.68,89.89,89.90,89.47,8.04,8.04,8.04
2024-01-14,18,91.60,97.68,89.90,89.89,17.01,17.01,4.75
2024-01-14,19,88.43,90.12,90.11,84.37,11.29,11.29,5.92
2024-01-14,20,80.62,84.37,84.37,75.00,4.52,4.52,4.52
2024-01-14,21,77.74,75.00,75.00,77.23,2.98,2.98,2.98
2024-01-14,22,73.68,74.54,74.00,75.00,1.92,1.92,1.92
2024-01-14,23,73.34,74.00,74.00,74.00,1.95,1.95,1.95
2024-01-14,24,68.57,70.00,70.00,72.31,2.05,1.69,1.69
2024-01-15,1,60.97,65.12,74.00,70.14,0.74,0.15,0.15
2024-01-15,2,58.10,61.00,55.61,74.00,0.17,0.15,0.15
2024-01-15,3,79.70,61.00,74.00,61.00,0.71,0.16,0.16
2024-01-15,4,90.64,74.00,74.00,61.00,1.12,0.37,0.37
2024-01-15,5,70.98,74.00,74.00,74.00,0.79,0.47,0.47
2024-01-15,6,37.25,85.00,88.83,95.00,1.70,1.70,1.70
2024-01-15,7,99.04,99.65,99.26,99.78,1.55,1.55,0.26
2024-01-15,8,104.09,103.94,103.63,103.56,5.53,5.53,0.10
2024-01-15,9,104.73,104.00,103.99,103.61,5.46,5.46,0.10
2024-01-15,10,101.94,100.75,100.68,100.75,2.33,2.33,0.10
2024-01-15,11,96.36,97.65,95.31,92.64,3.52,3.52,3.52
2024-01-15,12,91.62,79.00,79.00,82.00,4.89,4.89,4.89
2024-01-15,13,98.50,80.00,80.00,86.00,2.29,2.29,2.29
2024-01-15,14,67.54,95.96,81.00,91.00,1.72,1.72,1.72
2024-01-15,15,99.52,97.74,100.75,81.00,5.23,5.23,5.23
2024-01-15,16,104.12,104.32,104.32,105.98,7.09,7.09,6.21
2024-01-15,17,105.66,114.85,114.85,114.86,7.62,7.62,7.62
2024-01-15,18,123.52,116.77,122.69,147.40,30.10,30.10,29.15
2024-01-15,19,127.48,175.12,263.87,188.91,33.32,33.32,31.60
2024-01-15,20,113.13,248.22,148.58,180.00,18.34,18.34,18.34
2024-01-15,21,106.09,114.86,114.95,114.86,13.92,13.92,13.92
2024-01-15,22,84.03,97.65,100.75,106.38,7.64,1.92,1.92
2024-01-15,23,73.67,77.00,78.41,87.00,1.83,0.75,0.75
2024-01-15,24,76.28,70.31,72.41,75.00,1.37,0.80,0.80
2024-01-16,1,72.39,70.40,70.55,71.86,1.26,0.15,0.15
2024-01-16,2,71.25,75.00,75.00,74.00,1.21,0.15,0.15
2024-01-16,3,70.29,81.00,75.00,74.00,1.21,0.15,0.15
2024-01-16,4,70.32,82.00,80.86,75.00,1.20,0.15,0.15
2024-01-16,5,70.45,97.81,100.75,75.00,1.20,0.15,0.15
2024-01-16,6,82.41,105.00,105.00,121.28,1.20,0.19,0.19
2024-01-16,7,104.16,106.44,106.44,136.50,8.85,0.71,0.71
2024-01-16,8,116.91,155.00,127.99,131.70,28.15,28.15,19.92
2024-01-16,9,118.10,180.00,174.00,150.00,25.04,25.04,5.82
2024-01-16,10,108.30,189.00,155.10,155.00,23.30,23.30,11.61
2024-01-16,11,108.51,165.00,180.00,144.00,11.82,11.82,4.76
2024-01-16,12,106.87,128.00,132.64,132.51,12.37,12.37,11.97
2024-01-16,13,93.99,116.60,101.02,106.44,2.26,2.26,2.21
2024-01-16,14,86.44,106.68,110.20,100.75,0.99,0.99,0.99
2024-01-16,15,85.11,105.97,106.42,106.65,1.00,1.00,1.00
2024-01-16,16,80.91,106.44,106.65,116.77,2.94,2.94,2.53
2024-01-16,17,88.32,102.82,102.82,106.30,8.55,8.55,1.07
2024-01-16,18,93.49,99.93,100.75,101.75,18.23,18.23,0.10
2024-01-16,19,101.35,103.61,100.79,100.79,13.08,13.08,0.10
2024-01-16,20,95.45,100.75,97.84,96.76,8.48,8.48,0.10
2024-01-16,21,80.86,98.06,96.76,96.75,11.32,11.32,4.17
2024-01-16,22,77.14,82.87,92.86,92.87,4.75,4.75,4.06
2024-01-16,23,68.85,70.55,70.57,73.86,1.25,0.15,0.15
2024-01-16,24,64.22,70.40,70.31,69.70,1.08,0.15,0.15
2024-01-17,1,41.16,48.74,52.88,45.12,1.18,0.15,0.15
2024-01-17,2,37.47,41.96,41.96,40.66,1.27,0.15,0.15
2024-01-17,3,37.28,41.32,40.28,40.28,1.26,0.15,0.15
2024-01-17,4,36.84,38.36,39.84,39.12,1.26,0.15,0.15
2024-01-17,5,36.61,36.88,36.91,36.91,1.25,0.15,0.15
2024-01-17,6,37.17,45.00,42.05,42.03,1.22,0.22,0.22
2024-01-17,7,40.63,59.54,59.54,59.43,1.24,0.21,0.21
2024-01-17,8,54.01,59.54,59.54,59.54,10.52,10.52,4.75
2024-01-17,9,54.06,59.54,59.55,59.55,14.98,14.98,14.98
2024-01-17,10,47.13,59.54,59.53,48.74,10.30,10.30,10.30
2024-01-17,11,40.87,49.00,48.74,46.44,8.07,8.07,8.07
2024-01-17,12,37.34,40.07,41.57,40.07,6.53,6.53,6.53
2024-01-17,13,38.58,41.95,41.95,41.33,1.23,1.23,1.23
2024-01-17,14,37.15,41.49,41.50,41.50,1.22,1.22,1.22
2024-01-17,15,37.09,39.84,40.79,41.33,1.18,1.18,1.18
2024-01-17,16,37.28,41.96,41.96,41.98,6.37,6.37,6.37
2024-01-17,17,40.53,45.00,42.02,42.02,7.45,7.45,7.45
2024-01-17,18,38.71,52.00,45.02,45.01,8.09,8.09,8.09
2024-01-17,19,40.82,48.74,46.44,42.03,8.51,8.51,0.75
2024-01-17,20,41.83,46.44,46.44,46.44,4.04,4.04,0.75
2024-01-17,21,41.44,42.05,42.30,52.51,0.80,0.80,0.75
2024-01-17,22,40.88,41.95,41.95,42.05,0.74,0.74,0.74
2024-01-17,23,38.26,40.07,40.07,40.07,0.51,0.51,0.51
2024-01-17,24,36.94,38.36,39.12,39.96,0.18,0.18,0.18
2024-01-18,1,33.06,32.88,33.96,35.63,0.18,0.18,0.18
2024-01-18,2,32.40,32.44,32.46,41.91,0.18,0.18,0.18
2024-01-18,3,28.43,32.44,32.43,32.43,0.22,0.22,0.22
2024-01-18,4,32.42,32.95,35.88,35.88,0.29,0.29,0.29
2024-01-18,5,34.33,35.16,33.97,35.88,0.29,0.29,0.29
2024-01-18,6,36.79,35.99,36.17,35.99,0.29,0.29,0.29
2024-01-18,7,59.11,42.54,42.54,43.54,4.79,4.79,3.86
2024-01-18,8,66.11,125.00,74.98,71.24,3.61,3.61,3.61
2024-01-18,9,61.15,90.00,87.48,77.92,17.87,17.87,12.73
2024-01-18,10,46.30,85.00,80.00,80.80,2.57,2.57,2.49
2024-01-18,11,49.94,75.00,75.00,79.13,8.53,8.53,5.54
2024-01-18,12,73.27,65.42,75.00,78.00,6.81,6.81,6.80
2024-01-18,13,50.11,66.28,60.32,55.64,0.67,0.67,0.67
2024-01-18,14,66.31,74.00,74.00,60.00,1.05,1.05,1.05
2024-01-18,15,54.33,65.79,65.78,55.00,0.44,0.44,0.44
2024-01-18,16,67.20,74.00,74.00,55.00,6.68,6.68,6.68
2024-01-18,17,48.17,79.00,84.78,84.77,22.32,22.32,6.30
2024-01-18,18,53.15,95.00,95.00,98.00,30.10,30.10,10.77
2024-01-18,19,44.21,99.00,99.00,105.00,20.99,20.99,3.06
2024-01-18,20,42.51,79.00,79.00,80.00,30.10,30.10,2.00
2024-01-18,21,48.38,75.00,75.00,79.00,21.09,21.09,5.63
2024-01-18,22,50.47,87.31,87.03,62.12,5.32,5.32,0.70
2024-01-18,23,40.39,48.55,57.00,55.48,0.63,0.63,0.63
2024-01-18,24,36.51,46.92,59.00,55.65,0.18,0.18,0.18
2024-01-19,1,35.02,46.22,46.22,46.22,0.15,0.15,0.15
2024-01-19,2,43.03,46.22,48.36,44.45,0.15,0.15,0.15
2024-01-19,3,36.83,46.22,46.22,43.76,0.15,0.15,0.15
2024-01-19,4,38.95,46.22,46.22,46.22,0.15,0.15,0.15
2024-01-19,5,39.77,46.22,46.22,46.22,0.15,0.15,0.15
2024-01-19,6,36.24,53.63,55.26,44.69,0.18,0.18,0.18
2024-01-19,7,41.22,59.28,59.00,58.79,0.30,0.30,0.30
2024-01-19,8,51.69,110.35,111.10,81.12,1.18,1.18,1.18
2024-01-19,9,37.95,72.83,75.00,76.00,1.24,1.24,1.24
2024-01-19,10,36.24,48.77,62.00,57.28,1.25,1.25,1.25
2024-01-19,11,36.22,43.76,62.00,57.28,1.42,1.42,1.42
2024-01-19,12,32.85,39.81,61.02,48.77,1.25,1.25,0.70
2024-01-19,13,30.69,36.23,43.56,74.00,0.24,0.24,0.22
2024-01-19,14,34.45,34.19,39.83,62.00,0.75,0.75,0.75
2024-01-19,15,34.75,36.22,36.22,53.03,0.67,0.67,0.67
2024-01-19,16,32.96,36.22,37.51,38.02,1.25,1.25,0.75
2024-01-19,17,34.97,39.83,43.74,57.31,11.27,11.27,0.75
2024-01-19,18,36.17,36.40,41.43,62.67,30.10,30.10,0.75
2024-01-19,19,36.55,41.43,42.71,57.30,30.10,30.10,0.75
2024-01-19,20,44.27,48.77,57.30,69.29,22.06,22.06,1.44
2024-01-19,21,50.14,57.30,69.31,90.30,23.33,23.33,5.81
2024-01-19,22,40.74,57.30,134.00,77.00,9.74,9.74,1.91
2024-01-19,23,39.44,48.77,48.77,53.04,1.30,1.30,1.30
2024-01-19,24,39.36,51.00,51.00,44.36,0.15,0.15,0.12
2024-01-20,1,35.26,40.29,46.42,44.88,0.15,0.15,0.15
2024-01-20,2,34.85,38.63,41.41,43.38,0.15,0.15,0.15
2024-01-20,3,34.19,43.35,44.64,46.42,0.15,0.15,0.10
2024-01-20,4,31.14,43.34,46.42,43.36,0.15,0.15,0.10
2024-01-20,5,30.17,37.21,52.13,46.42,0.15,0.15,0.10
2024-01-20,6,28.18,35.03,43.43,52.16,0.15,0.15,0.10
2024-01-20,7,27.96,34.92,38.21,41.41,0.15,0.15,0.10
2024-01-20,8,29.00,31.72,35.03,43.44,0.15,0.15,0.10
2024-01-20,9,30.24,34.92,35.03,39.38,0.15,0.15,0.10
2024-01-20,10,35.03,35.03,37.19,44.70,0.15,0.15,0.10
2024-01-20,11,35.34,35.12,37.21,40.32,0.22,0.22,0.22
2024-01-20,12,38.49,37.20,38.63,44.68,0.19,0.19,0.19
2024-01-20,13,49.36,44.68,46.42,45.73,5.38,5.38,5.37
2024-01-20,14,60.76,45.73,46.71,44.68,10.70,10.70,10.66
2024-01-20,15,35.99,41.41,41.41,38.00,0.18,0.18,0.18
2024-01-20,16,35.14,38.40,37.24,37.25,0.75,0.75,0.75
2024-01-20,17,35.10,70.24,39.38,38.63,5.88,5.88,2.00
2024-01-20,18,39.63,130.00,136.86,50.04,11.59,11.59,2.00
2024-01-20,19,40.11,130.00,130.00,81.00,6.28,6.28,2.00
2024-01-20,20,43.17,46.42,64.18,53.27,1.37,1.37,1.37
2024-01-20,21,38.48,46.42,42.25,41.41,0.55,0.55,0.55
2024-01-20,22,34.97,41.41,41.41,35.26,0.18,0.18,0.18
2024-01-20,23,34.86,45.45,44.63,37.25,0.15,0.15,0.15
2024-01-20,24,33.70,38.39,41.41,35.03,0.15,0.15,0.15
2024-01-21,1,34.94,35.03,35.17,38.76,0.15,0.15,0.15
2024-01-21,2,35.38,41.19,41.18,39.33,0.15,0.15,0.15
2024-01-21,3,35.03,44.50,40.20,39.37,0.15,0.15,0.15
2024-01-21,4,34.90,45.21,44.32,35.56,0.15,0.15,0.15
2024-01-21,5,34.89,39.32,42.19,41.41,0.33,0.15,0.15
2024-01-21,6,34.95,39.35,39.29,41.40,0.19,0.15,0.15
2024-01-21,7,35.03,40.20,41.40,39.34,1.23,0.15,0.15
2024-01-21,8,38.07,41.57,42.50,42.51,1.25,0.27,0.27
2024-01-21,9,36.31,41.41,41.41,41.18,6.40,0.21,0.21
2024-01-21,10,35.44,40.82,41.57,42.79,1.29,0.18,0.18
2024-01-21,11,35.12,40.82,44.70,41.41,1.24,0.15,0.15
2024-01-21,12,35.48,41.40,41.40,40.82,0.18,0.15,0.15
2024-01-21,13,38.57,39.34,39.30,35.22,0.18,0.15,0.15
2024-01-21,14,35.27,39.00,37.00,35.03,0.25,0.15,0.15
2024-01-21,15,34.95,39.14,38.20,35.03,0.18,0.15,0.15
2024-01-21,16,34.75,40.82,41.33,40.00,1.23,0.18,0.18
2024-01-21,17,36.09,64.15,64.15,78.44,11.00,0.75,0.75
2024-01-21,18,38.85,96.00,96.00,94.85,14.64,14.64,1.90
2024-01-21,19,37.11,50.61,51.78,46.42,9.07,9.07,1.38
2024-01-21,20,35.19,46.42,47.37,39.37,1.71,1.71,0.83
2024-01-21,21,35.15,41.57,45.00,39.28,1.24,0.26,0.26
2024-01-21,22,34.96,36.04,39.28,35.13,0.36,0.17,0.17
2024-01-21,23,31.69,35.02,35.02,35.02,0.25,0.15,0.15
2024-01-21,24,30.15,31.73,30.73,30.72,0.18,0.15,0.11
2024-01-22,1,25.41,35.76,35.20,30.18,1.25,0.15,0.15
2024-01-22,2,24.75,39.30,39.34,30.19,0.15,0.15,0.15
2024-01-22,3,24.64,30.19,30.33,30.19,0.15,0.15,0.15
2024-01-22,4,25.64,30.19,30.19,30.17,1.23,0.15,0.15
2024-01-22,5,25.01,30.18,30.19,30.19,0.69,0.15,0.15
2024-01-22,6,25.50,31.71,30.72,31.71,0.96,0.15,0.15
2024-01-22,7,30.18,35.03,35.03,35.02,1.23,0.22,0.22
2024-01-22,8,34.39,35.13,35.13,35.13,1.32,0.75,0.75
2024-01-22,9,34.81,39.34,40.82,39.75,1.58,1.58,1.58
2024-01-22,10,34.54,35.12,39.30,38.47,0.97,0.97,0.97
2024-01-22,11,35.01,35.03,35.03,35.03,1.24,1.24,1.24
2024-01-22,12,35.09,35.13,35.03,35.03,1.24,0.75,0.75
2024-01-22,13,40.29,42.22,41.57,35.03,1.97,1.97,1.97
2024-01-22,14,46.33,51.81,50.00,39.36,5.83,5.83,5.83
2024-01-22,15,39.31,52.39,46.42,46.42,1.70,1.70,1.70
2024-01-22,16,35.03,40.82,40.04,39.35,4.76,0.75,0.75
2024-01-22,17,41.43,46.42,51.98,46.42,10.87,10.87,1.19
2024-01-22,18,161.28,69.67,83.00,93.67,121.41,121.29,37.07
2024-01-22,19,39.57,85.00,69.35,75.00,21.88,21.88,1.77
2024-01-22,20,40.96,64.99,76.00,67.35,18.15,18.15,2.34
2024-01-22,21,39.78,86.00,78.00,91.06,15.58,15.58,2.01
2024-01-22,22,41.07,75.00,70.00,64.97,16.82,16.82,2.01
2024-01-22,23,39.78,55.00,55.00,53.93,2.11,0.87,0.71
2024-01-22,24,39.17,48.26,47.00,47.00,1.17,0.18,0.18
2024-01-23,1,38.02,43.19,46.00,46.00,1.24,0.15,0.15
2024-01-23,2,40.79,45.00,44.54,43.21,1.24,0.16,0.16
2024-01-23,3,44.47,44.24,44.24,38.65,1.23,0.25,0.25
2024-01-23,4,51.26,47.00,47.00,43.99,1.26,0.88,0.88
2024-01-23,5,43.41,50.00,49.00,45.97,1.23,0.17,0.17
2024-01-23,6,38.10,89.18,89.18,75.00,1.27,0.18,0.18
2024-01-23,7,35.15,150.00,150.00,150.00,2.99,0.15,0.15
2024-01-23,8,42.10,190.00,190.00,190.00,18.68,18.68,4.98
2024-01-23,9,37.62,210.00,210.00,220.56,16.03,16.03,2.06
2024-01-23,10,37.66,204.44,204.44,200.00,16.06,16.06,2.06
2024-01-23,11,38.90,198.00,198.00,200.00,17.04,8.86,2.80
2024-01-23,12,55.20,180.00,191.00,198.00,24.52,21.61,17.11
2024-01-23,13,37.90,145.00,145.00,163.90,16.33,16.33,2.17
2024-01-23,14,37.94,115.00,115.00,136.00,17.20,17.20,2.14
2024-01-23,15,38.55,100.00,104.00,140.06,16.98,16.98,2.44
2024-01-23,16,40.29,97.34,98.00,136.00,18.75,18.75,3.87
2024-01-23,17,36.73,138.00,128.88,166.00,21.49,21.49,1.90
2024-01-23,18,37.20,91.00,91.00,165.00,20.99,20.99,2.00
2024-01-23,19,37.54,90.20,93.52,112.00,30.10,30.10,2.40
2024-01-23,20,37.31,80.00,80.00,90.00,30.10,30.10,2.00
2024-01-23,21,40.00,37.41,37.40,48.00,30.10,30.10,2.96
2024-01-23,22,48.55,49.34,48.00,48.00,22.81,22.81,10.71
2024-01-23,23,48.31,38.98,38.98,43.99,16.74,16.74,12.92
2024-01-23,24,33.29,36.58,32.82,36.65,8.12,8.12,1.62
2024-01-24,1,31.07,33.66,32.49,32.48,1.13,0.71,0.71
2024-01-24,2,28.27,27.79,27.49,27.29,0.49,0.41,0.39
2024-01-24,3,33.90,27.49,28.07,25.80,0.76,0.64,0.64
2024-01-24,4,32.84,29.00,27.54,25.80,1.21,1.21,1.21
2024-01-24,5,37.76,38.18,38.18,32.45,1.25,1.25,1.25
2024-01-24,6,37.24,38.83,38.30,38.18,1.26,1.26,1.26
2024-01-24,7,39.85,45.00,45.00,45.00,8.54,8.54,4.31
2024-01-24,8,75.65,75.00,75.00,48.19,41.46,39.74,4.44
2024-01-24,9,45.63,75.00,75.00,70.00,24.91,24.91,4.48
2024-01-24,10,40.03,75.00,75.00,52.00,19.40,19.40,3.26
2024-01-24,11,45.61,61.00,61.00,58.62,26.93,26.93,4.49
2024-01-24,12,47.88,49.19,47.12,58.46,28.32,28.32,12.55
2024-01-24,13,55.64,59.00,59.00,43.84,29.05,29.05,0.10
2024-01-24,14,104.72,59.00,59.00,59.00,65.95,65.95,0.15
2024-01-24,15,41.62,42.16,38.83,45.89,17.69,17.69,0.10
2024-01-24,16,39.16,42.16,42.15,49.89,17.83,17.83,0.10
2024-01-24,17,40.45,37.55,37.56,50.00,22.52,22.52,0.10
2024-01-24,18,37.69,37.56,36.30,61.00,18.70,18.70,0.10
2024-01-24,19,39.08,49.20,49.19,42.16,19.96,19.96,0.10
2024-01-24,20,42.14,59.00,59.00,45.00,17.00,17.00,0.10
2024-01-24,21,40.45,42.16,42.19,42.16,15.27,15.27,0.10
2024-01-24,22,36.07,36.29,36.26,38.68,10.88,10.88,0.10
2024-01-24,23,34.84,32.36,32.18,32.18,2.75,2.75,1.55
2024-01-24,24,30.92,32.18,32.18,32.18,1.32,1.32,1.32
2024-01-25,1,28.61,33.72,33.72,33.62,0.47,0.43,0.43
2024-01-25,2,31.22,33.65,33.65,33.62,1.00,0.67,0.67
2024-01-25,3,27.33,33.62,33.62,32.21,0.24,0.24,0.20
2024-01-25,4,27.25,27.43,27.70,27.33,0.18,0.18,0.12
2024-01-25,5,27.22,27.43,27.36,27.20,0.18,0.18,0.11
2024-01-25,6,27.02,33.73,33.73,27.21,1.19,1.19,0.15
2024-01-25,7,31.59,40.08,40.08,37.93,5.48,5.48,0.85
2024-01-25,8,36.23,55.00,55.00,40.39,6.99,6.99,1.54
2024-01-25,9,33.16,56.00,56.00,55.00,6.99,6.99,0.75
2024-01-25,10,33.71,40.08,43.27,43.27,6.99,6.99,0.75
2024-01-25,11,37.54,55.00,55.00,52.33,10.80,10.80,1.90
2024-01-25,12,33.15,37.92,37.65,55.00,13.22,13.22,0.75
2024-01-25,13,33.93,57.00,57.00,56.00,14.48,14.48,0.85
2024-01-25,14,32.43,40.08,40.82,55.00,9.63,9.63,0.75
2024-01-25,15,32.75,39.31,37.98,55.00,9.87,9.87,0.75
2024-01-25,16,38.56,,48.00,56.00,19.11,19.11,1.90
2024-01-25,17,33.28,57.00,,56.00,30.10,30.10,0.75
2024-01-25,18,31.02,87.00,99.00,,31.99,31.99,0.70
2024-01-25,19,34.44,57.00,55.00,57.00,14.46,14.46,1.17
2024-01-25,20,33.31,48.00,48.00,43.74,7.62,7.62,0.75
2024-01-25,21,29.58,37.94,38.68,38.66,8.84,8.84,1.17
2024-01-25,22,29.25,33.73,33.73,33.73,6.35,0.83,0.83
2024-01-25,23,28.69,30.01,30.59,32.94,1.46,0.16,0.13
2024-01-25,24,28.66,28.88,28.96,29.74,1.01,0.16,0.14
2024-01-26,1,29.69,35.83,35.59,29.02,0.99,0.21,0.21
2024-01-26,2,12.21,39.00,39.44,29.99,1.23,0.18,0.18
2024-01-26,3,0.98,33.84,33.84,24.08,1.22,0.18,0.18
2024-01-26,4,9.38,23.29,23.29,24.91,1.22,0.18,0.18
2024-01-26,5,27.23,24.05,39.16,24.05,1.21,0.22,0.22
2024-01-26,6,29.93,42.73,42.22,39.38,1.18,0.29,0.29
2024-01-26,7,30.17,29.03,33.77,33.77,1.18,0.75,0.75
2024-01-26,8,33.54,33.77,33.77,31.27,7.30,7.30,2.69
2024-01-26,9,33.82,52.00,33.88,33.88,6.99,6.99,0.75
2024-01-26,10,33.33,40.23,40.23,38.00,7.20,7.20,1.17
2024-01-26,11,33.20,38.06,45.00,38.06,7.25,7.25,1.17
2024-01-26,12,33.93,39.48,39.48,39.48,7.04,7.04,0.75
2024-01-26,13,33.63,33.38,33.99,33.53,6.99,5.29,0.61
2024-01-26,14,38.00,38.04,34.17,38.07,3.60,1.58,1.58
2024-01-26,15,36.52,37.16,35.09,33.88,5.68,0.75,0.75
2024-01-26,16,34.00,38.04,34.95,33.88,5.33,5.33,0.75
2024-01-26,17,37.49,41.06,40.23,38.06,17.74,17.74,1.79
2024-01-26,18,37.55,51.00,51.00,39.48,18.11,18.11,1.79
2024-01-26,19,33.53,45.04,43.04,38.12,10.50,10.50,0.36
2024-01-26,20,41.75,45.00,45.00,33.87,14.27,14.27,2.14
2024-01-26,21,37.26,38.06,38.08,35.23,2.03,2.03,1.63
2024-01-26,22,34.54,34.27,34.00,35.53,1.25,0.36,0.36
2024-01-26,23,31.82,32.99,31.11,33.88,1.25,0.15,0.13
2024-01-26,24,29.42,30.37,30.15,30.37,1.26,0.16,0.13
2024-01-27,1,27.72,31.77,31.77,32.66,0.15,0.15,0.13
2024-01-27,2,28.14,29.37,29.37,31.15,0.14,0.14,0.10
2024-01-27,3,28.41,30.91,29.74,27.78,0.15,0.15,0.10
2024-01-27,4,28.05,30.37,30.37,27.73,0.15,0.15,0.10
2024-01-27,5,27.83,32.81,31.30,32.65,0.22,0.15,0.10
2024-01-27,6,29.35,34.20,34.20,32.77,0.76,0.15,0.11
2024-01-27,7,28.18,34.19,34.19,35.68,0.47,0.16,0.14
2024-01-27,8,31.74,41.00,41.00,32.66,2.00,2.00,2.00
2024-01-27,9,32.75,33.51,33.53,32.53,3.08,3.08,1.97
2024-01-27,10,35.41,41.00,41.00,34.13,1.36,1.36,1.36
2024-01-27,11,32.62,54.06,52.91,45.67,1.24,0.75,0.75
2024-01-27,12,34.35,58.04,60.00,50.00,1.25,0.20,0.20
2024-01-27,13,34.09,32.66,35.15,42.50,1.24,0.26,0.26
2024-01-27,14,42.83,48.80,44.73,42.24,1.51,0.94,0.94
2024-01-27,15,33.95,37.21,37.19,45.00,1.24,0.18,0.18
2024-01-27,16,33.69,37.12,37.12,45.00,1.24,0.79,0.79
2024-01-27,17,32.20,40.97,37.85,50.00,6.99,6.99,0.75
2024-01-27,18,32.24,55.00,55.00,54.82,14.12,14.12,0.75
2024-01-27,19,31.96,35.00,41.73,46.10,10.35,10.35,0.75
2024-01-27,20,30.59,32.66,32.66,32.66,7.02,7.02,0.75
2024-01-27,21,32.54,34.13,34.13,34.13,1.24,0.75,0.75
2024-01-27,22,30.15,31.79,32.42,32.53,1.25,0.18,0.18
2024-01-27,23,31.54,32.52,32.42,32.42,1.25,0.28,0.28
2024-01-27,24,28.74,31.15,29.17,29.65,1.25,0.18,0.18
2024-01-28,1,28.80,28.16,28.16,29.17,0.36,0.19,0.18
2024-01-28,2,26.70,28.11,28.11,32.89,0.15,0.15,0.10
2024-01-28,3,22.86,27.64,27.50,27.63,0.15,0.15,0.15
2024-01-28,4,23.28,27.60,27.63,26.12,0.85,0.15,0.15
2024-01-28,5,17.15,22.95,23.15,24.10,1.19,0.16,0.16
2024-01-28,6,17.21,23.68,23.68,23.68,1.06,0.16,0.16
2024-01-28,7,15.08,24.10,25.00,22.86,0.93,0.21,0.21
2024-01-28,8,22.05,23.54,24.56,26.43,1.22,1.22,0.87
2024-01-28,9,23.69,24.10,27.99,27.61,1.24,1.24,0.77
2024-01-28,10,27.98,28.35,29.15,27.64,1.24,1.24,1.24
2024-01-28,11,27.80,28.54,28.11,30.49,0.90,0.90,0.90
2024-01-28,12,29.70,31.97,31.97,31.97,0.15,0.15,0.15
2024-01-28,13,29.34,32.00,32.53,32.54,0.23,0.17,0.16
2024-01-28,14,31.63,32.54,32.54,32.54,1.17,0.18,0.18
2024-01-28,15,32.36,32.54,32.54,32.54,0.27,0.27,0.27
2024-01-28,16,32.06,32.53,32.54,32.54,0.75,0.75,0.75
2024-01-28,17,32.53,32.66,32.66,32.65,6.99,6.99,5.70
2024-01-28,18,32.62,50.00,48.41,36.66,7.07,7.07,7.06
2024-01-28,19,32.56,36.68,37.94,32.66,7.01,7.01,5.69
2024-01-28,20,32.54,33.00,36.60,34.64,1.71,1.71,1.71
2024-01-28,21,32.32,32.54,32.54,32.54,1.23,0.18,0.18
2024-01-28,22,27.94,28.15,28.15,32.43,1.23,0.46,0.46
2024-01-28,23,28.65,27.64,27.64,28.16,1.23,0.43,0.43
2024-01-28,24,30.58,27.61,27.60,27.64,1.31,0.56,0.56
